filename,area_px,area_m2,coverage_pct,centroid_x,centroid_y,perimeter_px,perimeter_m,orientation_deg,spread_ratio,num_components,compactness,mean_intensity,max_intensity,std_intensity,density_score,risk_score,risk_level,risk_factors
patch_0.tif,21,5.25,0.03,226,60,24.14,12.0711,89.89,1.799,9,0.03603,1.0,1.0,0.0,1.0,39.0,MEDIUM,"coverage 0.03% → MINIMAL (<2%) | spread_ratio 1.799 → LOW (<2, compact shape) | components 9 → CRITICAL (>=5, fragmented spill) | density 1.0 → CRITICAL (>=0.95)"
patch_1.tif,0,0.0,0.0,0,0,0,0.0,,0.0,0,0.0,0.0,0.0,0.0,0.0,6.0,LOW,"coverage 0.0% → MINIMAL (<2%) | spread_ratio 0.0 → LOW (<2, compact shape) | components 0 → NONE (no spill detected) | density 0.0 → LOW (<0.70)"
patch_10.tif,0,0.0,0.0,0,0,0,0.0,,0.0,0,0.0,0.0,0.0,0.0,0.0,6.0,LOW,"coverage 0.0% → MINIMAL (<2%) | spread_ratio 0.0 → LOW (<2, compact shape) | components 0 → NONE (no spill detected) | density 0.0 → LOW (<0.70)"
patch_100.tif,2,0.5,0.0,141,4,2.0,1.0,0.0,7071.068,1,0.5,1.0,1.0,0.0,1.0,43.0,MEDIUM,"coverage 0.0% → MINIMAL (<2%) | spread_ratio 7071.068 → CRITICAL (>=10, highly elongated) | components 1 → LOW (1, single blob) | density 1.0 → CRITICAL (>=0.95)"
patch_101.tif,0,0.0,0.0,0,0,0,0.0,,0.0,0,0.0,0.0,0.0,0.0,0.0,6.0,LOW,"coverage 0.0% → MINIMAL (<2%) | spread_ratio 0.0 → LOW (<2, compact shape) | components 0 → NONE (no spill detected) | density 0.0 → LOW (<0.70)"
patch_102.tif,0,0.0,0.0,0,0,0,0.0,,0.0,0,0.0,0.0,0.0,0.0,0.0,6.0,LOW,"coverage 0.0% → MINIMAL (<2%) | spread_ratio 0.0 → LOW (<2, compact shape) | components 0 → NONE (no spill detected) | density 0.0 → LOW (<0.70)"
patch_103.tif,0,0.0,0.0,0,0,0,0.0,,0.0,0,0.0,0.0,0.0,0.0,0.0,6.0,LOW,"coverage 0.0% → MINIMAL (<2%) | spread_ratio 0.0 → LOW (<2, compact shape) | components 0 → NONE (no spill detected) | density 0.0 → LOW (<0.70)"
patch_104.tif,0,0.0,0.0,0,0,0,0.0,,0.0,0,0.0,0.0,0.0,0.0,0.0,6.0,LOW,"coverage 0.0% → MINIMAL (<2%) | spread_ratio 0.0 → LOW (<2, compact shape) | components 0 → NONE (no spill detected) | density 0.0 → LOW (<0.70)"
patch_105.tif,0,0.0,0.0,0,0,0,0.0,,0.0,0,0.0,0.0,0.0,0.0,0.0,6.0,LOW,"coverage 0.0% → MINIMAL (<2%) | spread_ratio 0.0 → LOW (<2, compact shape) | components 0 → NONE (no spill detected) | density 0.0 → LOW (<0.70)"
patch_106.tif,0,0.0,0.0,0,0,0,0.0,,0.0,0,0.0,0.0,0.0,0.0,0.0,6.0,LOW,"coverage 0.0% → MINIMAL (<2%) | spread_ratio 0.0 → LOW (<2, compact shape) | components 0 → NONE (no spill detected) | density 0.0 → LOW (<0.70)"
patch_107.tif,5,1.25,0.01,114,112,2.0,1.0,131.95,3.373,4,1.25,1.0,1.0,0.0,1.0,39.0,MEDIUM,coverage 0.01% → MINIMAL (<2%) | spread_ratio 3.373 → MEDIUM (2-5) | components 4 → HIGH (3-4) | density 1.0 → CRITICAL (>=0.95)
patch_108.tif,0,0.0,0.0,0,0,0,0.0,,0.0,0,0.0,0.0,0.0,0.0,0.0,6.0,LOW,"coverage 0.0% → MINIMAL (<2%) | spread_ratio 0.0 → LOW (<2, compact shape) | components 0 → NONE (no spill detected) | density 0.0 → LOW (<0.70)"
patch_109.tif,0,0.0,0.0,0,0,0,0.0,,0.0,0,0.0,0.0,0.0,0.0,0.0,6.0,LOW,"coverage 0.0% → MINIMAL (<2%) | spread_ratio 0.0 → LOW (<2, compact shape) | components 0 → NONE (no spill detected) | density 0.0 → LOW (<0.70)"
patch_11.tif,0,0.0,0.0,0,0,0,0.0,,0.0,0,0.0,0.0,0.0,0.0,0.0,6.0,LOW,"coverage 0.0% → MINIMAL (<2%) | spread_ratio 0.0 → LOW (<2, compact shape) | components 0 → NONE (no spill detected) | density 0.0 → LOW (<0.70)"
patch_110.tif,0,0.0,0.0,0,0,0,0.0,,0.0,0,0.0,0.0,0.0,0.0,0.0,6.0,LOW,"coverage 0.0% → MINIMAL (<2%) | spread_ratio 0.0 → LOW (<2, compact shape) | components 0 → NONE (no spill detected) | density 0.0 → LOW (<0.70)"
patch_111.tif,0,0.0,0.0,0,0,0,0.0,,0.0,0,0.0,0.0,0.0,0.0,0.0,6.0,LOW,"coverage 0.0% → MINIMAL (<2%) | spread_ratio 0.0 → LOW (<2, compact shape) | components 0 → NONE (no spill detected) | density 0.0 → LOW (<0.70)"
patch_112.tif,0,0.0,0.0,0,0,0,0.0,,0.0,0,0.0,0.0,0.0,0.0,0.0,6.0,LOW,"coverage 0.0% → MINIMAL (<2%) | spread_ratio 0.0 → LOW (<2, compact shape) | components 0 → NONE (no spill detected) | density 0.0 → LOW (<0.70)"
patch_113.tif,0,0.0,0.0,0,0,0,0.0,,0.0,0,0.0,0.0,0.0,0.0,0.0,6.0,LOW,"coverage 0.0% → MINIMAL (<2%) | spread_ratio 0.0 → LOW (<2, compact shape) | components 0 → NONE (no spill detected) | density 0.0 → LOW (<0.70)"
patch_114.tif,0,0.0,0.0,0,0,0,0.0,,0.0,0,0.0,0.0,0.0,0.0,0.0,6.0,LOW,"coverage 0.0% → MINIMAL (<2%) | spread_ratio 0.0 → LOW (<2, compact shape) | components 0 → NONE (no spill detected) | density 0.0 → LOW (<0.70)"
patch_115.tif,1,0.25,0.0,251,164,0.0,0.0,,0.0,1,0.0,1.0,1.0,0.0,1.0,22.0,LOW,"coverage 0.0% → MINIMAL (<2%) | spread_ratio 0.0 → LOW (<2, compact shape) | components 1 → LOW (1, single blob) | density 1.0 → CRITICAL (>=0.95)"
patch_116.tif,141,35.25,0.22,95,137,131.3,65.6482,116.57,1.927,30,0.008179,1.0,1.0,0.0,1.0,39.0,MEDIUM,"coverage 0.22% → MINIMAL (<2%) | spread_ratio 1.927 → LOW (<2, compact shape) | components 30 → CRITICAL (>=5, fragmented spill) | density 1.0 → CRITICAL (>=0.95)"
patch_117.tif,0,0.0,0.0,0,0,0,0.0,,0.0,0,0.0,0.0,0.0,0.0,0.0,6.0,LOW,"coverage 0.0% → MINIMAL (<2%) | spread_ratio 0.0 → LOW (<2, compact shape) | components 0 → NONE (no spill detected) | density 0.0 → LOW (<0.70)"
patch_118.tif,0,0.0,0.0,0,0,0,0.0,,0.0,0,0.0,0.0,0.0,0.0,0.0,6.0,LOW,"coverage 0.0% → MINIMAL (<2%) | spread_ratio 0.0 → LOW (<2, compact shape) | components 0 → NONE (no spill detected) | density 0.0 → LOW (<0.70)"
patch_119.tif,0,0.0,0.0,0,0,0,0.0,,0.0,0,0.0,0.0,0.0,0.0,0.0,6.0,LOW,"coverage 0.0% → MINIMAL (<2%) | spread_ratio 0.0 → LOW (<2, compact shape) | components 0 → NONE (no spill detected) | density 0.0 → LOW (<0.70)"
patch_12.tif,0,0.0,0.0,0,0,0,0.0,,0.0,0,0.0,0.0,0.0,0.0,0.0,6.0,LOW,"coverage 0.0% → MINIMAL (<2%) | spread_ratio 0.0 → LOW (<2, compact shape) | components 0 → NONE (no spill detected) | density 0.0 → LOW (<0.70)"
patch_120.tif,0,0.0,0.0,0,0,0,0.0,,0.0,0,0.0,0.0,0.0,0.0,0.0,6.0,LOW,"coverage 0.0% → MINIMAL (<2%) | spread_ratio 0.0 → LOW (<2, compact shape) | components 0 → NONE (no spill detected) | density 0.0 → LOW (<0.70)"
patch_121.tif,0,0.0,0.0,0,0,0,0.0,,0.0,0,0.0,0.0,0.0,0.0,0.0,6.0,LOW,"coverage 0.0% → MINIMAL (<2%) | spread_ratio 0.0 → LOW (<2, compact shape) | components 0 → NONE (no spill detected) | density 0.0 → LOW (<0.70)"
patch_122.tif,0,0.0,0.0,0,0,0,0.0,,0.0,0,0.0,0.0,0.0,0.0,0.0,6.0,LOW,"coverage 0.0% → MINIMAL (<2%) | spread_ratio 0.0 → LOW (<2, compact shape) | components 0 → NONE (no spill detected) | density 0.0 → LOW (<0.70)"
patch_123.tif,0,0.0,0.0,0,0,0,0.0,,0.0,0,0.0,0.0,0.0,0.0,0.0,6.0,LOW,"coverage 0.0% → MINIMAL (<2%) | spread_ratio 0.0 → LOW (<2, compact shape) | components 0 → NONE (no spill detected) | density 0.0 → LOW (<0.70)"
patch_124.tif,0,0.0,0.0,0,0,0,0.0,,0.0,0,0.0,0.0,0.0,0.0,0.0,6.0,LOW,"coverage 0.0% → MINIMAL (<2%) | spread_ratio 0.0 → LOW (<2, compact shape) | components 0 → NONE (no spill detected) | density 0.0 → LOW (<0.70)"
patch_125.tif,0,0.0,0.0,0,0,0,0.0,,0.0,0,0.0,0.0,0.0,0.0,0.0,6.0,LOW,"coverage 0.0% → MINIMAL (<2%) | spread_ratio 0.0 → LOW (<2, compact shape) | components 0 → NONE (no spill detected) | density 0.0 → LOW (<0.70)"
patch_126.tif,0,0.0,0.0,0,0,0,0.0,,0.0,0,0.0,0.0,0.0,0.0,0.0,6.0,LOW,"coverage 0.0% → MINIMAL (<2%) | spread_ratio 0.0 → LOW (<2, compact shape) | components 0 → NONE (no spill detected) | density 0.0 → LOW (<0.70)"
patch_127.tif,0,0.0,0.0,0,0,0,0.0,,0.0,0,0.0,0.0,0.0,0.0,0.0,6.0,LOW,"coverage 0.0% → MINIMAL (<2%) | spread_ratio 0.0 → LOW (<2, compact shape) | components 0 → NONE (no spill detected) | density 0.0 → LOW (<0.70)"
patch_128.tif,0,0.0,0.0,0,0,0,0.0,,0.0,0,0.0,0.0,0.0,0.0,0.0,6.0,LOW,"coverage 0.0% → MINIMAL (<2%) | spread_ratio 0.0 → LOW (<2, compact shape) | components 0 → NONE (no spill detected) | density 0.0 → LOW (<0.70)"
patch_129.tif,0,0.0,0.0,0,0,0,0.0,,0.0,0,0.0,0.0,0.0,0.0,0.0,6.0,LOW,"coverage 0.0% → MINIMAL (<2%) | spread_ratio 0.0 → LOW (<2, compact shape) | components 0 → NONE (no spill detected) | density 0.0 → LOW (<0.70)"
patch_13.tif,0,0.0,0.0,0,0,0,0.0,,0.0,0,0.0,0.0,0.0,0.0,0.0,6.0,LOW,"coverage 0.0% → MINIMAL (<2%) | spread_ratio 0.0 → LOW (<2, compact shape) | components 0 → NONE (no spill detected) | density 0.0 → LOW (<0.70)"
patch_130.tif,0,0.0,0.0,0,0,0,0.0,,0.0,0,0.0,0.0,0.0,0.0,0.0,6.0,LOW,"coverage 0.0% → MINIMAL (<2%) | spread_ratio 0.0 → LOW (<2, compact shape) | components 0 → NONE (no spill detected) | density 0.0 → LOW (<0.70)"
patch_131.tif,0,0.0,0.0,0,0,0,0.0,,0.0,0,0.0,0.0,0.0,0.0,0.0,6.0,LOW,"coverage 0.0% → MINIMAL (<2%) | spread_ratio 0.0 → LOW (<2, compact shape) | components 0 → NONE (no spill detected) | density 0.0 → LOW (<0.70)"
patch_132.tif,0,0.0,0.0,0,0,0,0.0,,0.0,0,0.0,0.0,0.0,0.0,0.0,6.0,LOW,"coverage 0.0% → MINIMAL (<2%) | spread_ratio 0.0 → LOW (<2, compact shape) | components 0 → NONE (no spill detected) | density 0.0 → LOW (<0.70)"
patch_133.tif,363,90.75,0.55,145,224,403.69,201.8442,102.09,1.773,41,0.002227,1.0,1.0,0.0,1.0,39.0,MEDIUM,"coverage 0.55% → MINIMAL (<2%) | spread_ratio 1.773 → LOW (<2, compact shape) | components 41 → CRITICAL (>=5, fragmented spill) | density 1.0 → CRITICAL (>=0.95)"
patch_134.tif,93,23.25,0.14,32,174,118.23,59.1127,151.68,1.795,19,0.006654,1.0,1.0,0.0,1.0,39.0,MEDIUM,"coverage 0.14% → MINIMAL (<2%) | spread_ratio 1.795 → LOW (<2, compact shape) | components 19 → CRITICAL (>=5, fragmented spill) | density 1.0 → CRITICAL (>=0.95)"
patch_135.tif,119,29.75,0.18,62,230,161.4,80.6985,164.58,1.576,17,0.004568,1.0,1.0,0.0,1.0,39.0,MEDIUM,"coverage 0.18% → MINIMAL (<2%) | spread_ratio 1.576 → LOW (<2, compact shape) | components 17 → CRITICAL (>=5, fragmented spill) | density 1.0 → CRITICAL (>=0.95)"
patch_136.tif,0,0.0,0.0,0,0,0,0.0,,0.0,0,0.0,0.0,0.0,0.0,0.0,6.0,LOW,"coverage 0.0% → MINIMAL (<2%) | spread_ratio 0.0 → LOW (<2, compact shape) | components 0 → NONE (no spill detected) | density 0.0 → LOW (<0.70)"
patch_137.tif,0,0.0,0.0,0,0,0,0.0,,0.0,0,0.0,0.0,0.0,0.0,0.0,6.0,LOW,"coverage 0.0% → MINIMAL (<2%) | spread_ratio 0.0 → LOW (<2, compact shape) | components 0 → NONE (no spill detected) | density 0.0 → LOW (<0.70)"
patch_138.tif,0,0.0,0.0,0,0,0,0.0,,0.0,0,0.0,0.0,0.0,0.0,0.0,6.0,LOW,"coverage 0.0% → MINIMAL (<2%) | spread_ratio 0.0 → LOW (<2, compact shape) | components 0 → NONE (no spill detected) | density 0.0 → LOW (<0.70)"
patch_139.tif,0,0.0,0.0,0,0,0,0.0,,0.0,0,0.0,0.0,0.0,0.0,0.0,6.0,LOW,"coverage 0.0% → MINIMAL (<2%) | spread_ratio 0.0 → LOW (<2, compact shape) | components 0 → NONE (no spill detected) | density 0.0 → LOW (<0.70)"
patch_14.tif,0,0.0,0.0,0,0,0,0.0,,0.0,0,0.0,0.0,0.0,0.0,0.0,6.0,LOW,"coverage 0.0% → MINIMAL (<2%) | spread_ratio 0.0 → LOW (<2, compact shape) | components 0 → NONE (no spill detected) | density 0.0 → LOW (<0.70)"
patch_140.tif,0,0.0,0.0,0,0,0,0.0,,0.0,0,0.0,0.0,0.0,0.0,0.0,6.0,LOW,"coverage 0.0% → MINIMAL (<2%) | spread_ratio 0.0 → LOW (<2, compact shape) | components 0 → NONE (no spill detected) | density 0.0 → LOW (<0.70)"
patch_141.tif,0,0.0,0.0,0,0,0,0.0,,0.0,0,0.0,0.0,0.0,0.0,0.0,6.0,LOW,"coverage 0.0% → MINIMAL (<2%) | spread_ratio 0.0 → LOW (<2, compact shape) | components 0 → NONE (no spill detected) | density 0.0 → LOW (<0.70)"
patch_142.tif,0,0.0,0.0,0,0,0,0.0,,0.0,0,0.0,0.0,0.0,0.0,0.0,6.0,LOW,"coverage 0.0% → MINIMAL (<2%) | spread_ratio 0.0 → LOW (<2, compact shape) | components 0 → NONE (no spill detected) | density 0.0 → LOW (<0.70)"
patch_143.tif,0,0.0,0.0,0,0,0,0.0,,0.0,0,0.0,0.0,0.0,0.0,0.0,6.0,LOW,"coverage 0.0% → MINIMAL (<2%) | spread_ratio 0.0 → LOW (<2, compact shape) | components 0 → NONE (no spill detected) | density 0.0 → LOW (<0.70)"
patch_144.tif,4,1.0,0.01,166,204,0.0,0.0,171.74,2.367,4,0.0,1.0,1.0,0.0,1.0,39.0,MEDIUM,coverage 0.01% → MINIMAL (<2%) | spread_ratio 2.367 → MEDIUM (2-5) | components 4 → HIGH (3-4) | density 1.0 → CRITICAL (>=0.95)
patch_145.tif,0,0.0,0.0,0,0,0,0.0,,0.0,0,0.0,0.0,0.0,0.0,0.0,6.0,LOW,"coverage 0.0% → MINIMAL (<2%) | spread_ratio 0.0 → LOW (<2, compact shape) | components 0 → NONE (no spill detected) | density 0.0 → LOW (<0.70)"
patch_146.tif,0,0.0,0.0,0,0,0,0.0,,0.0,0,0.0,0.0,0.0,0.0,0.0,6.0,LOW,"coverage 0.0% → MINIMAL (<2%) | spread_ratio 0.0 → LOW (<2, compact shape) | components 0 → NONE (no spill detected) | density 0.0 → LOW (<0.70)"
patch_147.tif,0,0.0,0.0,0,0,0,0.0,,0.0,0,0.0,0.0,0.0,0.0,0.0,6.0,LOW,"coverage 0.0% → MINIMAL (<2%) | spread_ratio 0.0 → LOW (<2, compact shape) | components 0 → NONE (no spill detected) | density 0.0 → LOW (<0.70)"
patch_148.tif,0,0.0,0.0,0,0,0,0.0,,0.0,0,0.0,0.0,0.0,0.0,0.0,6.0,LOW,"coverage 0.0% → MINIMAL (<2%) | spread_ratio 0.0 → LOW (<2, compact shape) | components 0 → NONE (no spill detected) | density 0.0 → LOW (<0.70)"
patch_149.tif,0,0.0,0.0,0,0,0,0.0,,0.0,0,0.0,0.0,0.0,0.0,0.0,6.0,LOW,"coverage 0.0% → MINIMAL (<2%) | spread_ratio 0.0 → LOW (<2, compact shape) | components 0 → NONE (no spill detected) | density 0.0 → LOW (<0.70)"
patch_15.tif,0,0.0,0.0,0,0,0,0.0,,0.0,0,0.0,0.0,0.0,0.0,0.0,6.0,LOW,"coverage 0.0% → MINIMAL (<2%) | spread_ratio 0.0 → LOW (<2, compact shape) | components 0 → NONE (no spill detected) | density 0.0 → LOW (<0.70)"
patch_150.tif,0,0.0,0.0,0,0,0,0.0,,0.0,0,0.0,0.0,0.0,0.0,0.0,6.0,LOW,"coverage 0.0% → MINIMAL (<2%) | spread_ratio 0.0 → LOW (<2, compact shape) | components 0 → NONE (no spill detected) | density 0.0 → LOW (<0.70)"
patch_151.tif,3,0.75,0.0,146,17,0.0,0.0,146.22,46.478,3,0.0,1.0,1.0,0.0,1.0,54.0,HIGH,"coverage 0.0% → MINIMAL (<2%) | spread_ratio 46.478 → CRITICAL (>=10, highly elongated) | components 3 → HIGH (3-4) | density 1.0 → CRITICAL (>=0.95)"
patch_152.tif,0,0.0,0.0,0,0,0,0.0,,0.0,0,0.0,0.0,0.0,0.0,0.0,6.0,LOW,"coverage 0.0% → MINIMAL (<2%) | spread_ratio 0.0 → LOW (<2, compact shape) | components 0 → NONE (no spill detected) | density 0.0 → LOW (<0.70)"
patch_153.tif,51,12.75,0.08,71,59,48.73,24.364,-144.81,3.118,22,0.021479,1.0,1.0,0.0,1.0,45.0,MEDIUM,"coverage 0.08% → MINIMAL (<2%) | spread_ratio 3.118 → MEDIUM (2-5) | components 22 → CRITICAL (>=5, fragmented spill) | density 1.0 → CRITICAL (>=0.95)"
patch_154.tif,3,0.75,0.0,32,73,3.41,1.7071,-135.0,1.732,1,0.257359,1.0,1.0,0.0,1.0,22.0,LOW,"coverage 0.0% → MINIMAL (<2%) | spread_ratio 1.732 → LOW (<2, compact shape) | components 1 → LOW (1, single blob) | density 1.0 → CRITICAL (>=0.95)"
patch_155.tif,0,0.0,0.0,0,0,0,0.0,,0.0,0,0.0,0.0,0.0,0.0,0.0,6.0,LOW,"coverage 0.0% → MINIMAL (<2%) | spread_ratio 0.0 → LOW (<2, compact shape) | components 0 → NONE (no spill detected) | density 0.0 → LOW (<0.70)"
patch_156.tif,0,0.0,0.0,0,0,0,0.0,,0.0,0,0.0,0.0,0.0,0.0,0.0,6.0,LOW,"coverage 0.0% → MINIMAL (<2%) | spread_ratio 0.0 → LOW (<2, compact shape) | components 0 → NONE (no spill detected) | density 0.0 → LOW (<0.70)"
patch_157.tif,0,0.0,0.0,0,0,0,0.0,,0.0,0,0.0,0.0,0.0,0.0,0.0,6.0,LOW,"coverage 0.0% → MINIMAL (<2%) | spread_ratio 0.0 → LOW (<2, compact shape) | components 0 → NONE (no spill detected) | density 0.0 → LOW (<0.70)"
patch_158.tif,0,0.0,0.0,0,0,0,0.0,,0.0,0,0.0,0.0,0.0,0.0,0.0,6.0,LOW,"coverage 0.0% → MINIMAL (<2%) | spread_ratio 0.0 → LOW (<2, compact shape) | components 0 → NONE (no spill detected) | density 0.0 → LOW (<0.70)"
patch_159.tif,0,0.0,0.0,0,0,0,0.0,,0.0,0,0.0,0.0,0.0,0.0,0.0,6.0,LOW,"coverage 0.0% → MINIMAL (<2%) | spread_ratio 0.0 → LOW (<2, compact shape) | components 0 → NONE (no spill detected) | density 0.0 → LOW (<0.70)"
patch_16.tif,0,0.0,0.0,0,0,0,0.0,,0.0,0,0.0,0.0,0.0,0.0,0.0,6.0,LOW,"coverage 0.0% → MINIMAL (<2%) | spread_ratio 0.0 → LOW (<2, compact shape) | components 0 → NONE (no spill detected) | density 0.0 → LOW (<0.70)"
patch_160.tif,0,0.0,0.0,0,0,0,0.0,,0.0,0,0.0,0.0,0.0,0.0,0.0,6.0,LOW,"coverage 0.0% → MINIMAL (<2%) | spread_ratio 0.0 → LOW (<2, compact shape) | components 0 → NONE (no spill detected) | density 0.0 → LOW (<0.70)"
patch_161.tif,3,0.75,0.0,153,212,2.83,1.4142,73.6,105.783,2,0.375,1.0,1.0,0.0,1.0,48.0,MEDIUM,"coverage 0.0% → MINIMAL (<2%) | spread_ratio 105.783 → CRITICAL (>=10, highly elongated) | components 2 → MEDIUM (2) | density 1.0 → CRITICAL (>=0.95)"
patch_162.tif,33,8.25,0.05,178,171,16.14,8.0711,59.66,1.51,27,0.126646,1.0,1.0,0.0,1.0,39.0,MEDIUM,"coverage 0.05% → MINIMAL (<2%) | spread_ratio 1.51 → LOW (<2, compact shape) | components 27 → CRITICAL (>=5, fragmented spill) | density 1.0 → CRITICAL (>=0.95)"
patch_163.tif,10,2.5,0.02,102,89,8.24,4.1213,57.03,3.388,6,0.147186,1.0,1.0,0.0,1.0,45.0,MEDIUM,"coverage 0.02% → MINIMAL (<2%) | spread_ratio 3.388 → MEDIUM (2-5) | components 6 → CRITICAL (>=5, fragmented spill) | density 1.0 → CRITICAL (>=0.95)"
patch_164.tif,1,0.25,0.0,67,189,0.0,0.0,,0.0,1,0.0,1.0,1.0,0.0,1.0,22.0,LOW,"coverage 0.0% → MINIMAL (<2%) | spread_ratio 0.0 → LOW (<2, compact shape) | components 1 → LOW (1, single blob) | density 1.0 → CRITICAL (>=0.95)"
patch_165.tif,0,0.0,0.0,0,0,0,0.0,,0.0,0,0.0,0.0,0.0,0.0,0.0,6.0,LOW,"coverage 0.0% → MINIMAL (<2%) | spread_ratio 0.0 → LOW (<2, compact shape) | components 0 → NONE (no spill detected) | density 0.0 → LOW (<0.70)"
patch_166.tif,2,0.5,0.0,125,193,0.0,0.0,138.65,1177397.615,2,0.0,1.0,1.0,0.0,1.0,48.0,MEDIUM,"coverage 0.0% → MINIMAL (<2%) | spread_ratio 1177397.615 → CRITICAL (>=10, highly elongated) | components 2 → MEDIUM (2) | density 1.0 → CRITICAL (>=0.95)"
patch_167.tif,1,0.25,0.0,241,239,0.0,0.0,,0.0,1,0.0,1.0,1.0,0.0,1.0,22.0,LOW,"coverage 0.0% → MINIMAL (<2%) | spread_ratio 0.0 → LOW (<2, compact shape) | components 1 → LOW (1, single blob) | density 1.0 → CRITICAL (>=0.95)"
patch_168.tif,0,0.0,0.0,0,0,0,0.0,,0.0,0,0.0,0.0,0.0,0.0,0.0,6.0,LOW,"coverage 0.0% → MINIMAL (<2%) | spread_ratio 0.0 → LOW (<2, compact shape) | components 0 → NONE (no spill detected) | density 0.0 → LOW (<0.70)"
patch_169.tif,0,0.0,0.0,0,0,0,0.0,,0.0,0,0.0,0.0,0.0,0.0,0.0,6.0,LOW,"coverage 0.0% → MINIMAL (<2%) | spread_ratio 0.0 → LOW (<2, compact shape) | components 0 → NONE (no spill detected) | density 0.0 → LOW (<0.70)"
patch_17.tif,0,0.0,0.0,0,0,0,0.0,,0.0,0,0.0,0.0,0.0,0.0,0.0,6.0,LOW,"coverage 0.0% → MINIMAL (<2%) | spread_ratio 0.0 → LOW (<2, compact shape) | components 0 → NONE (no spill detected) | density 0.0 → LOW (<0.70)"
patch_170.tif,1,0.25,0.0,232,159,0.0,0.0,,0.0,1,0.0,1.0,1.0,0.0,1.0,22.0,LOW,"coverage 0.0% → MINIMAL (<2%) | spread_ratio 0.0 → LOW (<2, compact shape) | components 1 → LOW (1, single blob) | density 1.0 → CRITICAL (>=0.95)"
patch_171.tif,86,21.5,0.13,241,142,120.95,60.4767,143.5,2.505,11,0.005878,1.0,1.0,0.0,1.0,45.0,MEDIUM,"coverage 0.13% → MINIMAL (<2%) | spread_ratio 2.505 → MEDIUM (2-5) | components 11 → CRITICAL (>=5, fragmented spill) | density 1.0 → CRITICAL (>=0.95)"
patch_172.tif,0,0.0,0.0,0,0,0,0.0,,0.0,0,0.0,0.0,0.0,0.0,0.0,6.0,LOW,"coverage 0.0% → MINIMAL (<2%) | spread_ratio 0.0 → LOW (<2, compact shape) | components 0 → NONE (no spill detected) | density 0.0 → LOW (<0.70)"
patch_173.tif,348,87.0,0.53,111,232,380.21,190.1041,-179.85,2.158,68,0.002407,1.0,1.0,0.0,1.0,45.0,MEDIUM,"coverage 0.53% → MINIMAL (<2%) | spread_ratio 2.158 → MEDIUM (2-5) | components 68 → CRITICAL (>=5, fragmented spill) | density 1.0 → CRITICAL (>=0.95)"
patch_174.tif,31,7.75,0.05,11,243,19.41,9.7071,63.71,1.464,19,0.082247,1.0,1.0,0.0,1.0,39.0,MEDIUM,"coverage 0.05% → MINIMAL (<2%) | spread_ratio 1.464 → LOW (<2, compact shape) | components 19 → CRITICAL (>=5, fragmented spill) | density 1.0 → CRITICAL (>=0.95)"
patch_175.tif,0,0.0,0.0,0,0,0,0.0,,0.0,0,0.0,0.0,0.0,0.0,0.0,6.0,LOW,"coverage 0.0% → MINIMAL (<2%) | spread_ratio 0.0 → LOW (<2, compact shape) | components 0 → NONE (no spill detected) | density 0.0 → LOW (<0.70)"
patch_176.tif,0,0.0,0.0,0,0,0,0.0,,0.0,0,0.0,0.0,0.0,0.0,0.0,6.0,LOW,"coverage 0.0% → MINIMAL (<2%) | spread_ratio 0.0 → LOW (<2, compact shape) | components 0 → NONE (no spill detected) | density 0.0 → LOW (<0.70)"
patch_177.tif,0,0.0,0.0,0,0,0,0.0,,0.0,0,0.0,0.0,0.0,0.0,0.0,6.0,LOW,"coverage 0.0% → MINIMAL (<2%) | spread_ratio 0.0 → LOW (<2, compact shape) | components 0 → NONE (no spill detected) | density 0.0 → LOW (<0.70)"
patch_178.tif,0,0.0,0.0,0,0,0,0.0,,0.0,0,0.0,0.0,0.0,0.0,0.0,6.0,LOW,"coverage 0.0% → MINIMAL (<2%) | spread_ratio 0.0 → LOW (<2, compact shape) | components 0 → NONE (no spill detected) | density 0.0 → LOW (<0.70)"
patch_179.tif,0,0.0,0.0,0,0,0,0.0,,0.0,0,0.0,0.0,0.0,0.0,0.0,6.0,LOW,"coverage 0.0% → MINIMAL (<2%) | spread_ratio 0.0 → LOW (<2, compact shape) | components 0 → NONE (no spill detected) | density 0.0 → LOW (<0.70)"
patch_18.tif,0,0.0,0.0,0,0,0,0.0,,0.0,0,0.0,0.0,0.0,0.0,0.0,6.0,LOW,"coverage 0.0% → MINIMAL (<2%) | spread_ratio 0.0 → LOW (<2, compact shape) | components 0 → NONE (no spill detected) | density 0.0 → LOW (<0.70)"
patch_180.tif,9,2.25,0.01,191,75,2.0,1.0,122.35,1.211,8,2.25,1.0,1.0,0.0,1.0,39.0,MEDIUM,"coverage 0.01% → MINIMAL (<2%) | spread_ratio 1.211 → LOW (<2, compact shape) | components 8 → CRITICAL (>=5, fragmented spill) | density 1.0 → CRITICAL (>=0.95)"
patch_181.tif,2,0.5,0.0,58,171,0.0,0.0,91.96,827798.248,2,0.0,1.0,1.0,0.0,1.0,48.0,MEDIUM,"coverage 0.0% → MINIMAL (<2%) | spread_ratio 827798.248 → CRITICAL (>=10, highly elongated) | components 2 → MEDIUM (2) | density 1.0 → CRITICAL (>=0.95)"
patch_182.tif,0,0.0,0.0,0,0,0,0.0,,0.0,0,0.0,0.0,0.0,0.0,0.0,6.0,LOW,"coverage 0.0% → MINIMAL (<2%) | spread_ratio 0.0 → LOW (<2, compact shape) | components 0 → NONE (no spill detected) | density 0.0 → LOW (<0.70)"
patch_183.tif,0,0.0,0.0,0,0,0,0.0,,0.0,0,0.0,0.0,0.0,0.0,0.0,6.0,LOW,"coverage 0.0% → MINIMAL (<2%) | spread_ratio 0.0 → LOW (<2, compact shape) | components 0 → NONE (no spill detected) | density 0.0 → LOW (<0.70)"
patch_184.tif,0,0.0,0.0,0,0,0,0.0,,0.0,0,0.0,0.0,0.0,0.0,0.0,6.0,LOW,"coverage 0.0% → MINIMAL (<2%) | spread_ratio 0.0 → LOW (<2, compact shape) | components 0 → NONE (no spill detected) | density 0.0 → LOW (<0.70)"
patch_185.tif,1,0.25,0.0,220,128,0.0,0.0,,0.0,1,0.0,1.0,1.0,0.0,1.0,22.0,LOW,"coverage 0.0% → MINIMAL (<2%) | spread_ratio 0.0 → LOW (<2, compact shape) | components 1 → LOW (1, single blob) | density 1.0 → CRITICAL (>=0.95)"
patch_186.tif,32,8.0,0.05,129,92,9.07,4.5355,148.57,2.049,28,0.388896,1.0,1.0,0.0,1.0,45.0,MEDIUM,"coverage 0.05% → MINIMAL (<2%) | spread_ratio 2.049 → MEDIUM (2-5) | components 28 → CRITICAL (>=5, fragmented spill) | density 1.0 → CRITICAL (>=0.95)"
patch_187.tif,6,1.5,0.01,79,202,3.41,1.7071,90.38,3.26,4,0.514719,1.0,1.0,0.0,1.0,39.0,MEDIUM,coverage 0.01% → MINIMAL (<2%) | spread_ratio 3.26 → MEDIUM (2-5) | components 4 → HIGH (3-4) | density 1.0 → CRITICAL (>=0.95)
patch_188.tif,0,0.0,0.0,0,0,0,0.0,,0.0,0,0.0,0.0,0.0,0.0,0.0,6.0,LOW,"coverage 0.0% → MINIMAL (<2%) | spread_ratio 0.0 → LOW (<2, compact shape) | components 0 → NONE (no spill detected) | density 0.0 → LOW (<0.70)"
patch_189.tif,5,1.25,0.01,136,52,2.0,1.0,-160.83,2.888,4,1.25,1.0,1.0,0.0,1.0,39.0,MEDIUM,coverage 0.01% → MINIMAL (<2%) | spread_ratio 2.888 → MEDIUM (2-5) | components 4 → HIGH (3-4) | density 1.0 → CRITICAL (>=0.95)
patch_19.tif,0,0.0,0.0,0,0,0,0.0,,0.0,0,0.0,0.0,0.0,0.0,0.0,6.0,LOW,"coverage 0.0% → MINIMAL (<2%) | spread_ratio 0.0 → LOW (<2, compact shape) | components 0 → NONE (no spill detected) | density 0.0 → LOW (<0.70)"
patch_190.tif,56,14.0,0.09,214,79,54.63,27.3137,169.7,1.642,27,0.018766,1.0,1.0,0.0,1.0,39.0,MEDIUM,"coverage 0.09% → MINIMAL (<2%) | spread_ratio 1.642 → LOW (<2, compact shape) | components 27 → CRITICAL (>=5, fragmented spill) | density 1.0 → CRITICAL (>=0.95)"
patch_191.tif,330,82.5,0.5,113,28,373.81,186.9031,177.1,2.314,63,0.002362,1.0,1.0,0.0,1.0,45.0,MEDIUM,"coverage 0.5% → MINIMAL (<2%) | spread_ratio 2.314 → MEDIUM (2-5) | components 63 → CRITICAL (>=5, fragmented spill) | density 1.0 → CRITICAL (>=0.95)"
patch_192.tif,67,16.75,0.1,8,27,75.8,37.8995,84.41,3.342,28,0.011661,1.0,1.0,0.0,1.0,45.0,MEDIUM,"coverage 0.1% → MINIMAL (<2%) | spread_ratio 3.342 → MEDIUM (2-5) | components 28 → CRITICAL (>=5, fragmented spill) | density 1.0 → CRITICAL (>=0.95)"
patch_193.tif,0,0.0,0.0,0,0,0,0.0,,0.0,0,0.0,0.0,0.0,0.0,0.0,6.0,LOW,"coverage 0.0% → MINIMAL (<2%) | spread_ratio 0.0 → LOW (<2, compact shape) | components 0 → NONE (no spill detected) | density 0.0 → LOW (<0.70)"
patch_194.tif,0,0.0,0.0,0,0,0,0.0,,0.0,0,0.0,0.0,0.0,0.0,0.0,6.0,LOW,"coverage 0.0% → MINIMAL (<2%) | spread_ratio 0.0 → LOW (<2, compact shape) | components 0 → NONE (no spill detected) | density 0.0 → LOW (<0.70)"
patch_195.tif,0,0.0,0.0,0,0,0,0.0,,0.0,0,0.0,0.0,0.0,0.0,0.0,6.0,LOW,"coverage 0.0% → MINIMAL (<2%) | spread_ratio 0.0 → LOW (<2, compact shape) | components 0 → NONE (no spill detected) | density 0.0 → LOW (<0.70)"
patch_196.tif,0,0.0,0.0,0,0,0,0.0,,0.0,0,0.0,0.0,0.0,0.0,0.0,6.0,LOW,"coverage 0.0% → MINIMAL (<2%) | spread_ratio 0.0 → LOW (<2, compact shape) | components 0 → NONE (no spill detected) | density 0.0 → LOW (<0.70)"
patch_197.tif,0,0.0,0.0,0,0,0,0.0,,0.0,0,0.0,0.0,0.0,0.0,0.0,6.0,LOW,"coverage 0.0% → MINIMAL (<2%) | spread_ratio 0.0 → LOW (<2, compact shape) | components 0 → NONE (no spill detected) | density 0.0 → LOW (<0.70)"
patch_198.tif,0,0.0,0.0,0,0,0,0.0,,0.0,0,0.0,0.0,0.0,0.0,0.0,6.0,LOW,"coverage 0.0% → MINIMAL (<2%) | spread_ratio 0.0 → LOW (<2, compact shape) | components 0 → NONE (no spill detected) | density 0.0 → LOW (<0.70)"
patch_199.tif,0,0.0,0.0,0,0,0,0.0,,0.0,0,0.0,0.0,0.0,0.0,0.0,6.0,LOW,"coverage 0.0% → MINIMAL (<2%) | spread_ratio 0.0 → LOW (<2, compact shape) | components 0 → NONE (no spill detected) | density 0.0 → LOW (<0.70)"
patch_2.tif,104,26.0,0.16,111,115,123.5,61.7487,145.96,7.268,34,0.006819,1.0,1.0,0.0,1.0,53.0,HIGH,"coverage 0.16% → MINIMAL (<2%) | spread_ratio 7.268 → HIGH (5-10) | components 34 → CRITICAL (>=5, fragmented spill) | density 1.0 → CRITICAL (>=0.95)"
patch_20.tif,19,4.75,0.03,102,216,12.83,6.4142,113.46,4.208,10,0.115453,1.0,1.0,0.0,1.0,45.0,MEDIUM,"coverage 0.03% → MINIMAL (<2%) | spread_ratio 4.208 → MEDIUM (2-5) | components 10 → CRITICAL (>=5, fragmented spill) | density 1.0 → CRITICAL (>=0.95)"
patch_200.tif,1,0.25,0.0,249,52,0.0,0.0,,0.0,1,0.0,1.0,1.0,0.0,1.0,22.0,LOW,"coverage 0.0% → MINIMAL (<2%) | spread_ratio 0.0 → LOW (<2, compact shape) | components 1 → LOW (1, single blob) | density 1.0 → CRITICAL (>=0.95)"
patch_201.tif,3,0.75,0.0,47,113,3.41,1.7071,-135.0,1.732,1,0.257359,1.0,1.0,0.0,1.0,22.0,LOW,"coverage 0.0% → MINIMAL (<2%) | spread_ratio 1.732 → LOW (<2, compact shape) | components 1 → LOW (1, single blob) | density 1.0 → CRITICAL (>=0.95)"
patch_202.tif,3,0.75,0.0,44,123,0.0,0.0,76.69,3.419,3,0.0,1.0,1.0,0.0,1.0,39.0,MEDIUM,coverage 0.0% → MINIMAL (<2%) | spread_ratio 3.419 → MEDIUM (2-5) | components 3 → HIGH (3-4) | density 1.0 → CRITICAL (>=0.95)
patch_203.tif,6,1.5,0.01,243,202,4.0,2.0,82.91,4.017,4,0.375,1.0,1.0,0.0,1.0,39.0,MEDIUM,coverage 0.01% → MINIMAL (<2%) | spread_ratio 4.017 → MEDIUM (2-5) | components 4 → HIGH (3-4) | density 1.0 → CRITICAL (>=0.95)
patch_204.tif,2,0.5,0.0,40,118,0.0,0.0,57.31,562938.949,2,0.0,1.0,1.0,0.0,1.0,48.0,MEDIUM,"coverage 0.0% → MINIMAL (<2%) | spread_ratio 562938.949 → CRITICAL (>=10, highly elongated) | components 2 → MEDIUM (2) | density 1.0 → CRITICAL (>=0.95)"
patch_205.tif,1,0.25,0.0,214,18,0.0,0.0,,0.0,1,0.0,1.0,1.0,0.0,1.0,22.0,LOW,"coverage 0.0% → MINIMAL (<2%) | spread_ratio 0.0 → LOW (<2, compact shape) | components 1 → LOW (1, single blob) | density 1.0 → CRITICAL (>=0.95)"
patch_206.tif,0,0.0,0.0,0,0,0,0.0,,0.0,0,0.0,0.0,0.0,0.0,0.0,6.0,LOW,"coverage 0.0% → MINIMAL (<2%) | spread_ratio 0.0 → LOW (<2, compact shape) | components 0 → NONE (no spill detected) | density 0.0 → LOW (<0.70)"
patch_207.tif,2,0.5,0.0,218,43,0.0,0.0,45.0,80000.0,2,0.0,1.0,1.0,0.0,1.0,48.0,MEDIUM,"coverage 0.0% → MINIMAL (<2%) | spread_ratio 80000.0 → CRITICAL (>=10, highly elongated) | components 2 → MEDIUM (2) | density 1.0 → CRITICAL (>=0.95)"
patch_208.tif,0,0.0,0.0,0,0,0,0.0,,0.0,0,0.0,0.0,0.0,0.0,0.0,6.0,LOW,"coverage 0.0% → MINIMAL (<2%) | spread_ratio 0.0 → LOW (<2, compact shape) | components 0 → NONE (no spill detected) | density 0.0 → LOW (<0.70)"
patch_209.tif,4,1.0,0.01,170,207,3.41,1.7071,-162.33,287.396,2,0.343146,1.0,1.0,0.0,1.0,48.0,MEDIUM,"coverage 0.01% → MINIMAL (<2%) | spread_ratio 287.396 → CRITICAL (>=10, highly elongated) | components 2 → MEDIUM (2) | density 1.0 → CRITICAL (>=0.95)"
patch_21.tif,40,10.0,0.06,158,90,12.24,6.1213,67.19,2.736,32,0.266876,1.0,1.0,0.0,1.0,45.0,MEDIUM,"coverage 0.06% → MINIMAL (<2%) | spread_ratio 2.736 → MEDIUM (2-5) | components 32 → CRITICAL (>=5, fragmented spill) | density 1.0 → CRITICAL (>=0.95)"
patch_210.tif,1,0.25,0.0,97,119,0.0,0.0,,0.0,1,0.0,1.0,1.0,0.0,1.0,22.0,LOW,"coverage 0.0% → MINIMAL (<2%) | spread_ratio 0.0 → LOW (<2, compact shape) | components 1 → LOW (1, single blob) | density 1.0 → CRITICAL (>=0.95)"
patch_211.tif,2,0.5,0.0,166,97,2.83,1.4142,45.0,10000.0,1,0.25,1.0,1.0,0.0,1.0,43.0,MEDIUM,"coverage 0.0% → MINIMAL (<2%) | spread_ratio 10000.0 → CRITICAL (>=10, highly elongated) | components 1 → LOW (1, single blob) | density 1.0 → CRITICAL (>=0.95)"
patch_212.tif,2,0.5,0.0,132,119,0.0,0.0,-153.72,1293401.081,2,0.0,1.0,1.0,0.0,1.0,48.0,MEDIUM,"coverage 0.0% → MINIMAL (<2%) | spread_ratio 1293401.081 → CRITICAL (>=10, highly elongated) | components 2 → MEDIUM (2) | density 1.0 → CRITICAL (>=0.95)"
patch_213.tif,75,18.75,0.11,20,157,70.18,35.0919,164.61,1.615,8,0.015226,1.0,1.0,0.0,1.0,39.0,MEDIUM,"coverage 0.11% → MINIMAL (<2%) | spread_ratio 1.615 → LOW (<2, compact shape) | components 8 → CRITICAL (>=5, fragmented spill) | density 1.0 → CRITICAL (>=0.95)"
patch_214.tif,0,0.0,0.0,0,0,0,0.0,,0.0,0,0.0,0.0,0.0,0.0,0.0,6.0,LOW,"coverage 0.0% → MINIMAL (<2%) | spread_ratio 0.0 → LOW (<2, compact shape) | components 0 → NONE (no spill detected) | density 0.0 → LOW (<0.70)"
patch_215.tif,2,0.5,0.0,117,56,2.0,1.0,0.0,7071.068,1,0.5,1.0,1.0,0.0,1.0,43.0,MEDIUM,"coverage 0.0% → MINIMAL (<2%) | spread_ratio 7071.068 → CRITICAL (>=10, highly elongated) | components 1 → LOW (1, single blob) | density 1.0 → CRITICAL (>=0.95)"
patch_216.tif,0,0.0,0.0,0,0,0,0.0,,0.0,0,0.0,0.0,0.0,0.0,0.0,6.0,LOW,"coverage 0.0% → MINIMAL (<2%) | spread_ratio 0.0 → LOW (<2, compact shape) | components 0 → NONE (no spill detected) | density 0.0 → LOW (<0.70)"
patch_217.tif,0,0.0,0.0,0,0,0,0.0,,0.0,0,0.0,0.0,0.0,0.0,0.0,6.0,LOW,"coverage 0.0% → MINIMAL (<2%) | spread_ratio 0.0 → LOW (<2, compact shape) | components 0 → NONE (no spill detected) | density 0.0 → LOW (<0.70)"
patch_218.tif,0,0.0,0.0,0,0,0,0.0,,0.0,0,0.0,0.0,0.0,0.0,0.0,6.0,LOW,"coverage 0.0% → MINIMAL (<2%) | spread_ratio 0.0 → LOW (<2, compact shape) | components 0 → NONE (no spill detected) | density 0.0 → LOW (<0.70)"
patch_219.tif,0,0.0,0.0,0,0,0,0.0,,0.0,0,0.0,0.0,0.0,0.0,0.0,6.0,LOW,"coverage 0.0% → MINIMAL (<2%) | spread_ratio 0.0 → LOW (<2, compact shape) | components 0 → NONE (no spill detected) | density 0.0 → LOW (<0.70)"
patch_22.tif,48,12.0,0.07,189,144,40.73,20.364,-155.6,2.393,28,0.028937,1.0,1.0,0.0,1.0,45.0,MEDIUM,"coverage 0.07% → MINIMAL (<2%) | spread_ratio 2.393 → MEDIUM (2-5) | components 28 → CRITICAL (>=5, fragmented spill) | density 1.0 → CRITICAL (>=0.95)"
patch_220.tif,0,0.0,0.0,0,0,0,0.0,,0.0,0,0.0,0.0,0.0,0.0,0.0,6.0,LOW,"coverage 0.0% → MINIMAL (<2%) | spread_ratio 0.0 → LOW (<2, compact shape) | components 0 → NONE (no spill detected) | density 0.0 → LOW (<0.70)"
patch_221.tif,3,0.75,0.0,239,54,0.0,0.0,-136.32,2.371,3,0.0,1.0,1.0,0.0,1.0,39.0,MEDIUM,coverage 0.0% → MINIMAL (<2%) | spread_ratio 2.371 → MEDIUM (2-5) | components 3 → HIGH (3-4) | density 1.0 → CRITICAL (>=0.95)
patch_222.tif,0,0.0,0.0,0,0,0,0.0,,0.0,0,0.0,0.0,0.0,0.0,0.0,6.0,LOW,"coverage 0.0% → MINIMAL (<2%) | spread_ratio 0.0 → LOW (<2, compact shape) | components 0 → NONE (no spill detected) | density 0.0 → LOW (<0.70)"
patch_223.tif,0,0.0,0.0,0,0,0,0.0,,0.0,0,0.0,0.0,0.0,0.0,0.0,6.0,LOW,"coverage 0.0% → MINIMAL (<2%) | spread_ratio 0.0 → LOW (<2, compact shape) | components 0 → NONE (no spill detected) | density 0.0 → LOW (<0.70)"
patch_224.tif,0,0.0,0.0,0,0,0,0.0,,0.0,0,0.0,0.0,0.0,0.0,0.0,6.0,LOW,"coverage 0.0% → MINIMAL (<2%) | spread_ratio 0.0 → LOW (<2, compact shape) | components 0 → NONE (no spill detected) | density 0.0 → LOW (<0.70)"
patch_225.tif,0,0.0,0.0,0,0,0,0.0,,0.0,0,0.0,0.0,0.0,0.0,0.0,6.0,LOW,"coverage 0.0% → MINIMAL (<2%) | spread_ratio 0.0 → LOW (<2, compact shape) | components 0 → NONE (no spill detected) | density 0.0 → LOW (<0.70)"
patch_226.tif,96,24.0,0.15,130,229,92.57,46.2843,179.99,2.286,20,0.011203,1.0,1.0,0.0,1.0,45.0,MEDIUM,"coverage 0.15% → MINIMAL (<2%) | spread_ratio 2.286 → MEDIUM (2-5) | components 20 → CRITICAL (>=5, fragmented spill) | density 1.0 → CRITICAL (>=0.95)"
patch_227.tif,297,74.25,0.45,149,193,337.35,168.6726,-143.25,5.113,23,0.00261,1.0,1.0,0.0,1.0,53.0,HIGH,"coverage 0.45% → MINIMAL (<2%) | spread_ratio 5.113 → HIGH (5-10) | components 23 → CRITICAL (>=5, fragmented spill) | density 1.0 → CRITICAL (>=0.95)"
patch_228.tif,66,16.5,0.1,111,251,90.23,45.1127,173.9,2.515,4,0.008107,1.0,1.0,0.0,1.0,39.0,MEDIUM,coverage 0.1% → MINIMAL (<2%) | spread_ratio 2.515 → MEDIUM (2-5) | components 4 → HIGH (3-4) | density 1.0 → CRITICAL (>=0.95)
patch_229.tif,12,3.0,0.02,237,158,6.24,3.1213,89.54,4.271,9,0.307925,1.0,1.0,0.0,1.0,45.0,MEDIUM,"coverage 0.02% → MINIMAL (<2%) | spread_ratio 4.271 → MEDIUM (2-5) | components 9 → CRITICAL (>=5, fragmented spill) | density 1.0 → CRITICAL (>=0.95)"
patch_23.tif,931,232.75,1.42,110,127,829.03,414.5132,162.91,1.086,271,0.001355,1.0,1.0,0.0,1.0,39.0,MEDIUM,"coverage 1.42% → MINIMAL (<2%) | spread_ratio 1.086 → LOW (<2, compact shape) | components 271 → CRITICAL (>=5, fragmented spill) | density 1.0 → CRITICAL (>=0.95)"
patch_230.tif,103,25.75,0.16,62,189,87.01,43.5061,141.97,1.81,44,0.013604,1.0,1.0,0.0,1.0,39.0,MEDIUM,"coverage 0.16% → MINIMAL (<2%) | spread_ratio 1.81 → LOW (<2, compact shape) | components 44 → CRITICAL (>=5, fragmented spill) | density 1.0 → CRITICAL (>=0.95)"
patch_231.tif,11,2.75,0.02,64,54,9.41,4.7071,113.09,2.487,5,0.124115,1.0,1.0,0.0,1.0,45.0,MEDIUM,"coverage 0.02% → MINIMAL (<2%) | spread_ratio 2.487 → MEDIUM (2-5) | components 5 → CRITICAL (>=5, fragmented spill) | density 1.0 → CRITICAL (>=0.95)"
patch_232.tif,0,0.0,0.0,0,0,0,0.0,,0.0,0,0.0,0.0,0.0,0.0,0.0,6.0,LOW,"coverage 0.0% → MINIMAL (<2%) | spread_ratio 0.0 → LOW (<2, compact shape) | components 0 → NONE (no spill detected) | density 0.0 → LOW (<0.70)"
patch_233.tif,0,0.0,0.0,0,0,0,0.0,,0.0,0,0.0,0.0,0.0,0.0,0.0,6.0,LOW,"coverage 0.0% → MINIMAL (<2%) | spread_ratio 0.0 → LOW (<2, compact shape) | components 0 → NONE (no spill detected) | density 0.0 → LOW (<0.70)"
patch_234.tif,0,0.0,0.0,0,0,0,0.0,,0.0,0,0.0,0.0,0.0,0.0,0.0,6.0,LOW,"coverage 0.0% → MINIMAL (<2%) | spread_ratio 0.0 → LOW (<2, compact shape) | components 0 → NONE (no spill detected) | density 0.0 → LOW (<0.70)"
patch_235.tif,0,0.0,0.0,0,0,0,0.0,,0.0,0,0.0,0.0,0.0,0.0,0.0,6.0,LOW,"coverage 0.0% → MINIMAL (<2%) | spread_ratio 0.0 → LOW (<2, compact shape) | components 0 → NONE (no spill detected) | density 0.0 → LOW (<0.70)"
patch_236.tif,2,0.5,0.0,133,114,0.0,0.0,54.83,1902921.991,2,0.0,1.0,1.0,0.0,1.0,48.0,MEDIUM,"coverage 0.0% → MINIMAL (<2%) | spread_ratio 1902921.991 → CRITICAL (>=10, highly elongated) | components 2 → MEDIUM (2) | density 1.0 → CRITICAL (>=0.95)"
patch_237.tif,1,0.25,0.0,208,243,0.0,0.0,,0.0,1,0.0,1.0,1.0,0.0,1.0,22.0,LOW,"coverage 0.0% → MINIMAL (<2%) | spread_ratio 0.0 → LOW (<2, compact shape) | components 1 → LOW (1, single blob) | density 1.0 → CRITICAL (>=0.95)"
patch_238.tif,1,0.25,0.0,95,59,0.0,0.0,,0.0,1,0.0,1.0,1.0,0.0,1.0,22.0,LOW,"coverage 0.0% → MINIMAL (<2%) | spread_ratio 0.0 → LOW (<2, compact shape) | components 1 → LOW (1, single blob) | density 1.0 → CRITICAL (>=0.95)"
patch_239.tif,4,1.0,0.01,185,237,0.0,0.0,62.66,19.529,4,0.0,1.0,1.0,0.0,1.0,54.0,HIGH,"coverage 0.01% → MINIMAL (<2%) | spread_ratio 19.529 → CRITICAL (>=10, highly elongated) | components 4 → HIGH (3-4) | density 1.0 → CRITICAL (>=0.95)"
patch_24.tif,7,1.75,0.01,239,143,6.83,3.4142,66.59,7.959,3,0.150126,1.0,1.0,0.0,1.0,47.0,MEDIUM,coverage 0.01% → MINIMAL (<2%) | spread_ratio 7.959 → HIGH (5-10) | components 3 → HIGH (3-4) | density 1.0 → CRITICAL (>=0.95)
patch_240.tif,1,0.25,0.0,55,190,0.0,0.0,,0.0,1,0.0,1.0,1.0,0.0,1.0,22.0,LOW,"coverage 0.0% → MINIMAL (<2%) | spread_ratio 0.0 → LOW (<2, compact shape) | components 1 → LOW (1, single blob) | density 1.0 → CRITICAL (>=0.95)"
patch_241.tif,0,0.0,0.0,0,0,0,0.0,,0.0,0,0.0,0.0,0.0,0.0,0.0,6.0,LOW,"coverage 0.0% → MINIMAL (<2%) | spread_ratio 0.0 → LOW (<2, compact shape) | components 0 → NONE (no spill detected) | density 0.0 → LOW (<0.70)"
patch_242.tif,0,0.0,0.0,0,0,0,0.0,,0.0,0,0.0,0.0,0.0,0.0,0.0,6.0,LOW,"coverage 0.0% → MINIMAL (<2%) | spread_ratio 0.0 → LOW (<2, compact shape) | components 0 → NONE (no spill detected) | density 0.0 → LOW (<0.70)"
patch_243.tif,0,0.0,0.0,0,0,0,0.0,,0.0,0,0.0,0.0,0.0,0.0,0.0,6.0,LOW,"coverage 0.0% → MINIMAL (<2%) | spread_ratio 0.0 → LOW (<2, compact shape) | components 0 → NONE (no spill detected) | density 0.0 → LOW (<0.70)"
patch_244.tif,272,68.0,0.42,180,21,313.89,156.9447,68.5,1.363,24,0.002761,1.0,1.0,0.0,1.0,39.0,MEDIUM,"coverage 0.42% → MINIMAL (<2%) | spread_ratio 1.363 → LOW (<2, compact shape) | components 24 → CRITICAL (>=5, fragmented spill) | density 1.0 → CRITICAL (>=0.95)"
patch_245.tif,11,2.75,0.02,171,38,7.41,3.7071,98.02,1.217,6,0.200107,1.0,1.0,0.0,1.0,39.0,MEDIUM,"coverage 0.02% → MINIMAL (<2%) | spread_ratio 1.217 → LOW (<2, compact shape) | components 6 → CRITICAL (>=5, fragmented spill) | density 1.0 → CRITICAL (>=0.95)"
patch_246.tif,82,20.5,0.13,115,6,102.71,51.3553,49.17,2.16,11,0.007773,1.0,1.0,0.0,1.0,45.0,MEDIUM,"coverage 0.13% → MINIMAL (<2%) | spread_ratio 2.16 → MEDIUM (2-5) | components 11 → CRITICAL (>=5, fragmented spill) | density 1.0 → CRITICAL (>=0.95)"
patch_247.tif,457,114.25,0.7,203,170,440.36,220.1787,162.33,1.761,112,0.002357,1.0,1.0,0.0,1.0,39.0,MEDIUM,"coverage 0.7% → MINIMAL (<2%) | spread_ratio 1.761 → LOW (<2, compact shape) | components 112 → CRITICAL (>=5, fragmented spill) | density 1.0 → CRITICAL (>=0.95)"
patch_248.tif,2501,625.25,3.82,104,139,2508.21,1254.1068,-151.09,1.56,485,0.000398,1.0,1.0,0.0,1.0,49.0,MEDIUM,"coverage 3.82% → LOW (2-10%) | spread_ratio 1.56 → LOW (<2, compact shape) | components 485 → CRITICAL (>=5, fragmented spill) | density 1.0 → CRITICAL (>=0.95)"
patch_249.tif,292,73.0,0.45,34,72,319.52,159.7609,101.85,2.254,90,0.00286,1.0,1.0,0.0,1.0,45.0,MEDIUM,"coverage 0.45% → MINIMAL (<2%) | spread_ratio 2.254 → MEDIUM (2-5) | components 90 → CRITICAL (>=5, fragmented spill) | density 1.0 → CRITICAL (>=0.95)"
patch_25.tif,1,0.25,0.0,159,167,0.0,0.0,,0.0,1,0.0,1.0,1.0,0.0,1.0,22.0,LOW,"coverage 0.0% → MINIMAL (<2%) | spread_ratio 0.0 → LOW (<2, compact shape) | components 1 → LOW (1, single blob) | density 1.0 → CRITICAL (>=0.95)"
patch_250.tif,0,0.0,0.0,0,0,0,0.0,,0.0,0,0.0,0.0,0.0,0.0,0.0,6.0,LOW,"coverage 0.0% → MINIMAL (<2%) | spread_ratio 0.0 → LOW (<2, compact shape) | components 0 → NONE (no spill detected) | density 0.0 → LOW (<0.70)"
patch_251.tif,0,0.0,0.0,0,0,0,0.0,,0.0,0,0.0,0.0,0.0,0.0,0.0,6.0,LOW,"coverage 0.0% → MINIMAL (<2%) | spread_ratio 0.0 → LOW (<2, compact shape) | components 0 → NONE (no spill detected) | density 0.0 → LOW (<0.70)"
patch_252.tif,2,0.5,0.0,38,216,0.0,0.0,143.9,420058.695,2,0.0,1.0,1.0,0.0,1.0,48.0,MEDIUM,"coverage 0.0% → MINIMAL (<2%) | spread_ratio 420058.695 → CRITICAL (>=10, highly elongated) | components 2 → MEDIUM (2) | density 1.0 → CRITICAL (>=0.95)"
patch_253.tif,0,0.0,0.0,0,0,0,0.0,,0.0,0,0.0,0.0,0.0,0.0,0.0,6.0,LOW,"coverage 0.0% → MINIMAL (<2%) | spread_ratio 0.0 → LOW (<2, compact shape) | components 0 → NONE (no spill detected) | density 0.0 → LOW (<0.70)"
patch_254.tif,0,0.0,0.0,0,0,0,0.0,,0.0,0,0.0,0.0,0.0,0.0,0.0,6.0,LOW,"coverage 0.0% → MINIMAL (<2%) | spread_ratio 0.0 → LOW (<2, compact shape) | components 0 → NONE (no spill detected) | density 0.0 → LOW (<0.70)"
patch_255.tif,0,0.0,0.0,0,0,0,0.0,,0.0,0,0.0,0.0,0.0,0.0,0.0,6.0,LOW,"coverage 0.0% → MINIMAL (<2%) | spread_ratio 0.0 → LOW (<2, compact shape) | components 0 → NONE (no spill detected) | density 0.0 → LOW (<0.70)"
patch_256.tif,0,0.0,0.0,0,0,0,0.0,,0.0,0,0.0,0.0,0.0,0.0,0.0,6.0,LOW,"coverage 0.0% → MINIMAL (<2%) | spread_ratio 0.0 → LOW (<2, compact shape) | components 0 → NONE (no spill detected) | density 0.0 → LOW (<0.70)"
patch_257.tif,7,1.75,0.01,166,39,5.66,2.8284,-135.71,12.907,5,0.21875,1.0,1.0,0.0,1.0,60.0,HIGH,"coverage 0.01% → MINIMAL (<2%) | spread_ratio 12.907 → CRITICAL (>=10, highly elongated) | components 5 → CRITICAL (>=5, fragmented spill) | density 1.0 → CRITICAL (>=0.95)"
patch_258.tif,0,0.0,0.0,0,0,0,0.0,,0.0,0,0.0,0.0,0.0,0.0,0.0,6.0,LOW,"coverage 0.0% → MINIMAL (<2%) | spread_ratio 0.0 → LOW (<2, compact shape) | components 0 → NONE (no spill detected) | density 0.0 → LOW (<0.70)"
patch_259.tif,0,0.0,0.0,0,0,0,0.0,,0.0,0,0.0,0.0,0.0,0.0,0.0,6.0,LOW,"coverage 0.0% → MINIMAL (<2%) | spread_ratio 0.0 → LOW (<2, compact shape) | components 0 → NONE (no spill detected) | density 0.0 → LOW (<0.70)"
patch_26.tif,0,0.0,0.0,0,0,0,0.0,,0.0,0,0.0,0.0,0.0,0.0,0.0,6.0,LOW,"coverage 0.0% → MINIMAL (<2%) | spread_ratio 0.0 → LOW (<2, compact shape) | components 0 → NONE (no spill detected) | density 0.0 → LOW (<0.70)"
patch_260.tif,0,0.0,0.0,0,0,0,0.0,,0.0,0,0.0,0.0,0.0,0.0,0.0,6.0,LOW,"coverage 0.0% → MINIMAL (<2%) | spread_ratio 0.0 → LOW (<2, compact shape) | components 0 → NONE (no spill detected) | density 0.0 → LOW (<0.70)"
patch_261.tif,0,0.0,0.0,0,0,0,0.0,,0.0,0,0.0,0.0,0.0,0.0,0.0,6.0,LOW,"coverage 0.0% → MINIMAL (<2%) | spread_ratio 0.0 → LOW (<2, compact shape) | components 0 → NONE (no spill detected) | density 0.0 → LOW (<0.70)"
patch_262.tif,1,0.25,0.0,34,13,0.0,0.0,,0.0,1,0.0,1.0,1.0,0.0,1.0,22.0,LOW,"coverage 0.0% → MINIMAL (<2%) | spread_ratio 0.0 → LOW (<2, compact shape) | components 1 → LOW (1, single blob) | density 1.0 → CRITICAL (>=0.95)"
patch_263.tif,1,0.25,0.0,46,246,0.0,0.0,,0.0,1,0.0,1.0,1.0,0.0,1.0,22.0,LOW,"coverage 0.0% → MINIMAL (<2%) | spread_ratio 0.0 → LOW (<2, compact shape) | components 1 → LOW (1, single blob) | density 1.0 → CRITICAL (>=0.95)"
patch_264.tif,0,0.0,0.0,0,0,0,0.0,,0.0,0,0.0,0.0,0.0,0.0,0.0,6.0,LOW,"coverage 0.0% → MINIMAL (<2%) | spread_ratio 0.0 → LOW (<2, compact shape) | components 0 → NONE (no spill detected) | density 0.0 → LOW (<0.70)"
patch_265.tif,890,222.5,1.36,158,80,876.96,438.4787,114.17,1.739,187,0.001157,1.0,1.0,0.0,1.0,39.0,MEDIUM,"coverage 1.36% → MINIMAL (<2%) | spread_ratio 1.739 → LOW (<2, compact shape) | components 187 → CRITICAL (>=5, fragmented spill) | density 1.0 → CRITICAL (>=0.95)"
patch_266.tif,285,71.25,0.43,158,32,255.04,127.5183,157.82,1.811,67,0.004382,1.0,1.0,0.0,1.0,39.0,MEDIUM,"coverage 0.43% → MINIMAL (<2%) | spread_ratio 1.811 → LOW (<2, compact shape) | components 67 → CRITICAL (>=5, fragmented spill) | density 1.0 → CRITICAL (>=0.95)"
patch_267.tif,165,41.25,0.25,160,128,143.78,71.8909,-156.57,4.341,67,0.007981,1.0,1.0,0.0,1.0,45.0,MEDIUM,"coverage 0.25% → MINIMAL (<2%) | spread_ratio 4.341 → MEDIUM (2-5) | components 67 → CRITICAL (>=5, fragmented spill) | density 1.0 → CRITICAL (>=0.95)"
patch_268.tif,53,13.25,0.08,141,211,53.46,26.7279,-161.82,14.149,17,0.018548,1.0,1.0,0.0,1.0,60.0,HIGH,"coverage 0.08% → MINIMAL (<2%) | spread_ratio 14.149 → CRITICAL (>=10, highly elongated) | components 17 → CRITICAL (>=5, fragmented spill) | density 1.0 → CRITICAL (>=0.95)"
patch_269.tif,7,1.75,0.01,182,177,6.83,3.4142,58.51,47.752,3,0.150126,1.0,1.0,0.0,1.0,54.0,HIGH,"coverage 0.01% → MINIMAL (<2%) | spread_ratio 47.752 → CRITICAL (>=10, highly elongated) | components 3 → HIGH (3-4) | density 1.0 → CRITICAL (>=0.95)"
patch_27.tif,0,0.0,0.0,0,0,0,0.0,,0.0,0,0.0,0.0,0.0,0.0,0.0,6.0,LOW,"coverage 0.0% → MINIMAL (<2%) | spread_ratio 0.0 → LOW (<2, compact shape) | components 0 → NONE (no spill detected) | density 0.0 → LOW (<0.70)"
patch_270.tif,0,0.0,0.0,0,0,0,0.0,,0.0,0,0.0,0.0,0.0,0.0,0.0,6.0,LOW,"coverage 0.0% → MINIMAL (<2%) | spread_ratio 0.0 → LOW (<2, compact shape) | components 0 → NONE (no spill detected) | density 0.0 → LOW (<0.70)"
patch_271.tif,1,0.25,0.0,181,201,0.0,0.0,,0.0,1,0.0,1.0,1.0,0.0,1.0,22.0,LOW,"coverage 0.0% → MINIMAL (<2%) | spread_ratio 0.0 → LOW (<2, compact shape) | components 1 → LOW (1, single blob) | density 1.0 → CRITICAL (>=0.95)"
patch_272.tif,0,0.0,0.0,0,0,0,0.0,,0.0,0,0.0,0.0,0.0,0.0,0.0,6.0,LOW,"coverage 0.0% → MINIMAL (<2%) | spread_ratio 0.0 → LOW (<2, compact shape) | components 0 → NONE (no spill detected) | density 0.0 → LOW (<0.70)"
patch_273.tif,0,0.0,0.0,0,0,0,0.0,,0.0,0,0.0,0.0,0.0,0.0,0.0,6.0,LOW,"coverage 0.0% → MINIMAL (<2%) | spread_ratio 0.0 → LOW (<2, compact shape) | components 0 → NONE (no spill detected) | density 0.0 → LOW (<0.70)"
patch_274.tif,4,1.0,0.01,66,234,4.83,2.4142,-174.38,14.913,2,0.171573,1.0,1.0,0.0,1.0,48.0,MEDIUM,"coverage 0.01% → MINIMAL (<2%) | spread_ratio 14.913 → CRITICAL (>=10, highly elongated) | components 2 → MEDIUM (2) | density 1.0 → CRITICAL (>=0.95)"
patch_275.tif,0,0.0,0.0,0,0,0,0.0,,0.0,0,0.0,0.0,0.0,0.0,0.0,6.0,LOW,"coverage 0.0% → MINIMAL (<2%) | spread_ratio 0.0 → LOW (<2, compact shape) | components 0 → NONE (no spill detected) | density 0.0 → LOW (<0.70)"
patch_276.tif,0,0.0,0.0,0,0,0,0.0,,0.0,0,0.0,0.0,0.0,0.0,0.0,6.0,LOW,"coverage 0.0% → MINIMAL (<2%) | spread_ratio 0.0 → LOW (<2, compact shape) | components 0 → NONE (no spill detected) | density 0.0 → LOW (<0.70)"
patch_277.tif,0,0.0,0.0,0,0,0,0.0,,0.0,0,0.0,0.0,0.0,0.0,0.0,6.0,LOW,"coverage 0.0% → MINIMAL (<2%) | spread_ratio 0.0 → LOW (<2, compact shape) | components 0 → NONE (no spill detected) | density 0.0 → LOW (<0.70)"
patch_278.tif,1,0.25,0.0,74,136,0.0,0.0,,0.0,1,0.0,1.0,1.0,0.0,1.0,22.0,LOW,"coverage 0.0% → MINIMAL (<2%) | spread_ratio 0.0 → LOW (<2, compact shape) | components 1 → LOW (1, single blob) | density 1.0 → CRITICAL (>=0.95)"
patch_279.tif,0,0.0,0.0,0,0,0,0.0,,0.0,0,0.0,0.0,0.0,0.0,0.0,6.0,LOW,"coverage 0.0% → MINIMAL (<2%) | spread_ratio 0.0 → LOW (<2, compact shape) | components 0 → NONE (no spill detected) | density 0.0 → LOW (<0.70)"
patch_28.tif,0,0.0,0.0,0,0,0,0.0,,0.0,0,0.0,0.0,0.0,0.0,0.0,6.0,LOW,"coverage 0.0% → MINIMAL (<2%) | spread_ratio 0.0 → LOW (<2, compact shape) | components 0 → NONE (no spill detected) | density 0.0 → LOW (<0.70)"
patch_280.tif,0,0.0,0.0,0,0,0,0.0,,0.0,0,0.0,0.0,0.0,0.0,0.0,6.0,LOW,"coverage 0.0% → MINIMAL (<2%) | spread_ratio 0.0 → LOW (<2, compact shape) | components 0 → NONE (no spill detected) | density 0.0 → LOW (<0.70)"
patch_281.tif,0,0.0,0.0,0,0,0,0.0,,0.0,0,0.0,0.0,0.0,0.0,0.0,6.0,LOW,"coverage 0.0% → MINIMAL (<2%) | spread_ratio 0.0 → LOW (<2, compact shape) | components 0 → NONE (no spill detected) | density 0.0 → LOW (<0.70)"
patch_282.tif,0,0.0,0.0,0,0,0,0.0,,0.0,0,0.0,0.0,0.0,0.0,0.0,6.0,LOW,"coverage 0.0% → MINIMAL (<2%) | spread_ratio 0.0 → LOW (<2, compact shape) | components 0 → NONE (no spill detected) | density 0.0 → LOW (<0.70)"
patch_283.tif,7,1.75,0.01,119,17,4.0,2.0,-176.05,5.701,5,0.4375,1.0,1.0,0.0,1.0,53.0,HIGH,"coverage 0.01% → MINIMAL (<2%) | spread_ratio 5.701 → HIGH (5-10) | components 5 → CRITICAL (>=5, fragmented spill) | density 1.0 → CRITICAL (>=0.95)"
patch_284.tif,34,8.5,0.05,98,31,40.63,20.3137,-166.55,2.785,14,0.020599,1.0,1.0,0.0,1.0,45.0,MEDIUM,"coverage 0.05% → MINIMAL (<2%) | spread_ratio 2.785 → MEDIUM (2-5) | components 14 → CRITICAL (>=5, fragmented spill) | density 1.0 → CRITICAL (>=0.95)"
patch_285.tif,127,31.75,0.19,32,74,148.12,74.0624,-171.93,1.983,21,0.005788,1.0,1.0,0.0,1.0,39.0,MEDIUM,"coverage 0.19% → MINIMAL (<2%) | spread_ratio 1.983 → LOW (<2, compact shape) | components 21 → CRITICAL (>=5, fragmented spill) | density 1.0 → CRITICAL (>=0.95)"
patch_286.tif,88,22.0,0.13,173,127,72.18,36.0919,-177.09,1.159,45,0.016889,1.0,1.0,0.0,1.0,39.0,MEDIUM,"coverage 0.13% → MINIMAL (<2%) | spread_ratio 1.159 → LOW (<2, compact shape) | components 45 → CRITICAL (>=5, fragmented spill) | density 1.0 → CRITICAL (>=0.95)"
patch_287.tif,249,62.25,0.38,109,94,242.79,121.397,52.3,2.333,117,0.004224,1.0,1.0,0.0,1.0,45.0,MEDIUM,"coverage 0.38% → MINIMAL (<2%) | spread_ratio 2.333 → MEDIUM (2-5) | components 117 → CRITICAL (>=5, fragmented spill) | density 1.0 → CRITICAL (>=0.95)"
patch_288.tif,0,0.0,0.0,0,0,0,0.0,,0.0,0,0.0,0.0,0.0,0.0,0.0,6.0,LOW,"coverage 0.0% → MINIMAL (<2%) | spread_ratio 0.0 → LOW (<2, compact shape) | components 0 → NONE (no spill detected) | density 0.0 → LOW (<0.70)"
patch_289.tif,0,0.0,0.0,0,0,0,0.0,,0.0,0,0.0,0.0,0.0,0.0,0.0,6.0,LOW,"coverage 0.0% → MINIMAL (<2%) | spread_ratio 0.0 → LOW (<2, compact shape) | components 0 → NONE (no spill detected) | density 0.0 → LOW (<0.70)"
patch_29.tif,0,0.0,0.0,0,0,0,0.0,,0.0,0,0.0,0.0,0.0,0.0,0.0,6.0,LOW,"coverage 0.0% → MINIMAL (<2%) | spread_ratio 0.0 → LOW (<2, compact shape) | components 0 → NONE (no spill detected) | density 0.0 → LOW (<0.70)"
patch_290.tif,0,0.0,0.0,0,0,0,0.0,,0.0,0,0.0,0.0,0.0,0.0,0.0,6.0,LOW,"coverage 0.0% → MINIMAL (<2%) | spread_ratio 0.0 → LOW (<2, compact shape) | components 0 → NONE (no spill detected) | density 0.0 → LOW (<0.70)"
patch_291.tif,0,0.0,0.0,0,0,0,0.0,,0.0,0,0.0,0.0,0.0,0.0,0.0,6.0,LOW,"coverage 0.0% → MINIMAL (<2%) | spread_ratio 0.0 → LOW (<2, compact shape) | components 0 → NONE (no spill detected) | density 0.0 → LOW (<0.70)"
patch_292.tif,0,0.0,0.0,0,0,0,0.0,,0.0,0,0.0,0.0,0.0,0.0,0.0,6.0,LOW,"coverage 0.0% → MINIMAL (<2%) | spread_ratio 0.0 → LOW (<2, compact shape) | components 0 → NONE (no spill detected) | density 0.0 → LOW (<0.70)"
patch_293.tif,0,0.0,0.0,0,0,0,0.0,,0.0,0,0.0,0.0,0.0,0.0,0.0,6.0,LOW,"coverage 0.0% → MINIMAL (<2%) | spread_ratio 0.0 → LOW (<2, compact shape) | components 0 → NONE (no spill detected) | density 0.0 → LOW (<0.70)"
patch_294.tif,0,0.0,0.0,0,0,0,0.0,,0.0,0,0.0,0.0,0.0,0.0,0.0,6.0,LOW,"coverage 0.0% → MINIMAL (<2%) | spread_ratio 0.0 → LOW (<2, compact shape) | components 0 → NONE (no spill detected) | density 0.0 → LOW (<0.70)"
patch_295.tif,0,0.0,0.0,0,0,0,0.0,,0.0,0,0.0,0.0,0.0,0.0,0.0,6.0,LOW,"coverage 0.0% → MINIMAL (<2%) | spread_ratio 0.0 → LOW (<2, compact shape) | components 0 → NONE (no spill detected) | density 0.0 → LOW (<0.70)"
patch_296.tif,0,0.0,0.0,0,0,0,0.0,,0.0,0,0.0,0.0,0.0,0.0,0.0,6.0,LOW,"coverage 0.0% → MINIMAL (<2%) | spread_ratio 0.0 → LOW (<2, compact shape) | components 0 → NONE (no spill detected) | density 0.0 → LOW (<0.70)"
patch_297.tif,0,0.0,0.0,0,0,0,0.0,,0.0,0,0.0,0.0,0.0,0.0,0.0,6.0,LOW,"coverage 0.0% → MINIMAL (<2%) | spread_ratio 0.0 → LOW (<2, compact shape) | components 0 → NONE (no spill detected) | density 0.0 → LOW (<0.70)"
patch_298.tif,0,0.0,0.0,0,0,0,0.0,,0.0,0,0.0,0.0,0.0,0.0,0.0,6.0,LOW,"coverage 0.0% → MINIMAL (<2%) | spread_ratio 0.0 → LOW (<2, compact shape) | components 0 → NONE (no spill detected) | density 0.0 → LOW (<0.70)"
patch_299.tif,0,0.0,0.0,0,0,0,0.0,,0.0,0,0.0,0.0,0.0,0.0,0.0,6.0,LOW,"coverage 0.0% → MINIMAL (<2%) | spread_ratio 0.0 → LOW (<2, compact shape) | components 0 → NONE (no spill detected) | density 0.0 → LOW (<0.70)"
patch_3.tif,129,32.25,0.2,65,143,75.21,37.6066,65.59,2.887,81,0.022804,1.0,1.0,0.0,1.0,45.0,MEDIUM,"coverage 0.2% → MINIMAL (<2%) | spread_ratio 2.887 → MEDIUM (2-5) | components 81 → CRITICAL (>=5, fragmented spill) | density 1.0 → CRITICAL (>=0.95)"
patch_30.tif,0,0.0,0.0,0,0,0,0.0,,0.0,0,0.0,0.0,0.0,0.0,0.0,6.0,LOW,"coverage 0.0% → MINIMAL (<2%) | spread_ratio 0.0 → LOW (<2, compact shape) | components 0 → NONE (no spill detected) | density 0.0 → LOW (<0.70)"
patch_300.tif,0,0.0,0.0,0,0,0,0.0,,0.0,0,0.0,0.0,0.0,0.0,0.0,6.0,LOW,"coverage 0.0% → MINIMAL (<2%) | spread_ratio 0.0 → LOW (<2, compact shape) | components 0 → NONE (no spill detected) | density 0.0 → LOW (<0.70)"
patch_301.tif,0,0.0,0.0,0,0,0,0.0,,0.0,0,0.0,0.0,0.0,0.0,0.0,6.0,LOW,"coverage 0.0% → MINIMAL (<2%) | spread_ratio 0.0 → LOW (<2, compact shape) | components 0 → NONE (no spill detected) | density 0.0 → LOW (<0.70)"
patch_302.tif,3,0.75,0.0,217,99,0.0,0.0,79.71,42.941,3,0.0,1.0,1.0,0.0,1.0,54.0,HIGH,"coverage 0.0% → MINIMAL (<2%) | spread_ratio 42.941 → CRITICAL (>=10, highly elongated) | components 3 → HIGH (3-4) | density 1.0 → CRITICAL (>=0.95)"
patch_303.tif,12,3.0,0.02,190,82,4.0,2.0,140.73,4.399,10,0.75,1.0,1.0,0.0,1.0,45.0,MEDIUM,"coverage 0.02% → MINIMAL (<2%) | spread_ratio 4.399 → MEDIUM (2-5) | components 10 → CRITICAL (>=5, fragmented spill) | density 1.0 → CRITICAL (>=0.95)"
patch_304.tif,82,20.5,0.13,150,129,58.28,29.1421,-158.89,1.583,52,0.024139,1.0,1.0,0.0,1.0,39.0,MEDIUM,"coverage 0.13% → MINIMAL (<2%) | spread_ratio 1.583 → LOW (<2, compact shape) | components 52 → CRITICAL (>=5, fragmented spill) | density 1.0 → CRITICAL (>=0.95)"
patch_305.tif,366,91.5,0.56,129,202,249.82,124.9117,-150.16,1.552,225,0.005864,1.0,1.0,0.0,1.0,39.0,MEDIUM,"coverage 0.56% → MINIMAL (<2%) | spread_ratio 1.552 → LOW (<2, compact shape) | components 225 → CRITICAL (>=5, fragmented spill) | density 1.0 → CRITICAL (>=0.95)"
patch_306.tif,0,0.0,0.0,0,0,0,0.0,,0.0,0,0.0,0.0,0.0,0.0,0.0,6.0,LOW,"coverage 0.0% → MINIMAL (<2%) | spread_ratio 0.0 → LOW (<2, compact shape) | components 0 → NONE (no spill detected) | density 0.0 → LOW (<0.70)"
patch_307.tif,0,0.0,0.0,0,0,0,0.0,,0.0,0,0.0,0.0,0.0,0.0,0.0,6.0,LOW,"coverage 0.0% → MINIMAL (<2%) | spread_ratio 0.0 → LOW (<2, compact shape) | components 0 → NONE (no spill detected) | density 0.0 → LOW (<0.70)"
patch_308.tif,0,0.0,0.0,0,0,0,0.0,,0.0,0,0.0,0.0,0.0,0.0,0.0,6.0,LOW,"coverage 0.0% → MINIMAL (<2%) | spread_ratio 0.0 → LOW (<2, compact shape) | components 0 → NONE (no spill detected) | density 0.0 → LOW (<0.70)"
patch_309.tif,0,0.0,0.0,0,0,0,0.0,,0.0,0,0.0,0.0,0.0,0.0,0.0,6.0,LOW,"coverage 0.0% → MINIMAL (<2%) | spread_ratio 0.0 → LOW (<2, compact shape) | components 0 → NONE (no spill detected) | density 0.0 → LOW (<0.70)"
patch_31.tif,0,0.0,0.0,0,0,0,0.0,,0.0,0,0.0,0.0,0.0,0.0,0.0,6.0,LOW,"coverage 0.0% → MINIMAL (<2%) | spread_ratio 0.0 → LOW (<2, compact shape) | components 0 → NONE (no spill detected) | density 0.0 → LOW (<0.70)"
patch_310.tif,0,0.0,0.0,0,0,0,0.0,,0.0,0,0.0,0.0,0.0,0.0,0.0,6.0,LOW,"coverage 0.0% → MINIMAL (<2%) | spread_ratio 0.0 → LOW (<2, compact shape) | components 0 → NONE (no spill detected) | density 0.0 → LOW (<0.70)"
patch_311.tif,0,0.0,0.0,0,0,0,0.0,,0.0,0,0.0,0.0,0.0,0.0,0.0,6.0,LOW,"coverage 0.0% → MINIMAL (<2%) | spread_ratio 0.0 → LOW (<2, compact shape) | components 0 → NONE (no spill detected) | density 0.0 → LOW (<0.70)"
patch_312.tif,0,0.0,0.0,0,0,0,0.0,,0.0,0,0.0,0.0,0.0,0.0,0.0,6.0,LOW,"coverage 0.0% → MINIMAL (<2%) | spread_ratio 0.0 → LOW (<2, compact shape) | components 0 → NONE (no spill detected) | density 0.0 → LOW (<0.70)"
patch_313.tif,0,0.0,0.0,0,0,0,0.0,,0.0,0,0.0,0.0,0.0,0.0,0.0,6.0,LOW,"coverage 0.0% → MINIMAL (<2%) | spread_ratio 0.0 → LOW (<2, compact shape) | components 0 → NONE (no spill detected) | density 0.0 → LOW (<0.70)"
patch_314.tif,0,0.0,0.0,0,0,0,0.0,,0.0,0,0.0,0.0,0.0,0.0,0.0,6.0,LOW,"coverage 0.0% → MINIMAL (<2%) | spread_ratio 0.0 → LOW (<2, compact shape) | components 0 → NONE (no spill detected) | density 0.0 → LOW (<0.70)"
patch_315.tif,0,0.0,0.0,0,0,0,0.0,,0.0,0,0.0,0.0,0.0,0.0,0.0,6.0,LOW,"coverage 0.0% → MINIMAL (<2%) | spread_ratio 0.0 → LOW (<2, compact shape) | components 0 → NONE (no spill detected) | density 0.0 → LOW (<0.70)"
patch_316.tif,0,0.0,0.0,0,0,0,0.0,,0.0,0,0.0,0.0,0.0,0.0,0.0,6.0,LOW,"coverage 0.0% → MINIMAL (<2%) | spread_ratio 0.0 → LOW (<2, compact shape) | components 0 → NONE (no spill detected) | density 0.0 → LOW (<0.70)"
patch_317.tif,0,0.0,0.0,0,0,0,0.0,,0.0,0,0.0,0.0,0.0,0.0,0.0,6.0,LOW,"coverage 0.0% → MINIMAL (<2%) | spread_ratio 0.0 → LOW (<2, compact shape) | components 0 → NONE (no spill detected) | density 0.0 → LOW (<0.70)"
patch_318.tif,0,0.0,0.0,0,0,0,0.0,,0.0,0,0.0,0.0,0.0,0.0,0.0,6.0,LOW,"coverage 0.0% → MINIMAL (<2%) | spread_ratio 0.0 → LOW (<2, compact shape) | components 0 → NONE (no spill detected) | density 0.0 → LOW (<0.70)"
patch_319.tif,0,0.0,0.0,0,0,0,0.0,,0.0,0,0.0,0.0,0.0,0.0,0.0,6.0,LOW,"coverage 0.0% → MINIMAL (<2%) | spread_ratio 0.0 → LOW (<2, compact shape) | components 0 → NONE (no spill detected) | density 0.0 → LOW (<0.70)"
patch_32.tif,0,0.0,0.0,0,0,0,0.0,,0.0,0,0.0,0.0,0.0,0.0,0.0,6.0,LOW,"coverage 0.0% → MINIMAL (<2%) | spread_ratio 0.0 → LOW (<2, compact shape) | components 0 → NONE (no spill detected) | density 0.0 → LOW (<0.70)"
patch_320.tif,1,0.25,0.0,146,127,0.0,0.0,,0.0,1,0.0,1.0,1.0,0.0,1.0,22.0,LOW,"coverage 0.0% → MINIMAL (<2%) | spread_ratio 0.0 → LOW (<2, compact shape) | components 1 → LOW (1, single blob) | density 1.0 → CRITICAL (>=0.95)"
patch_321.tif,19,4.75,0.03,228,153,18.24,9.1213,65.2,8.911,10,0.057092,1.0,1.0,0.0,1.0,53.0,HIGH,"coverage 0.03% → MINIMAL (<2%) | spread_ratio 8.911 → HIGH (5-10) | components 10 → CRITICAL (>=5, fragmented spill) | density 1.0 → CRITICAL (>=0.95)"
patch_322.tif,37,9.25,0.06,188,57,22.49,11.2426,156.51,6.314,20,0.073182,1.0,1.0,0.0,1.0,53.0,HIGH,"coverage 0.06% → MINIMAL (<2%) | spread_ratio 6.314 → HIGH (5-10) | components 20 → CRITICAL (>=5, fragmented spill) | density 1.0 → CRITICAL (>=0.95)"
patch_323.tif,981,245.25,1.5,152,149,912.02,456.0107,48.07,1.94,473,0.001179,1.0,1.0,0.0,1.0,39.0,MEDIUM,"coverage 1.5% → MINIMAL (<2%) | spread_ratio 1.94 → LOW (<2, compact shape) | components 473 → CRITICAL (>=5, fragmented spill) | density 1.0 → CRITICAL (>=0.95)"
patch_324.tif,0,0.0,0.0,0,0,0,0.0,,0.0,0,0.0,0.0,0.0,0.0,0.0,6.0,LOW,"coverage 0.0% → MINIMAL (<2%) | spread_ratio 0.0 → LOW (<2, compact shape) | components 0 → NONE (no spill detected) | density 0.0 → LOW (<0.70)"
patch_325.tif,0,0.0,0.0,0,0,0,0.0,,0.0,0,0.0,0.0,0.0,0.0,0.0,6.0,LOW,"coverage 0.0% → MINIMAL (<2%) | spread_ratio 0.0 → LOW (<2, compact shape) | components 0 → NONE (no spill detected) | density 0.0 → LOW (<0.70)"
patch_326.tif,0,0.0,0.0,0,0,0,0.0,,0.0,0,0.0,0.0,0.0,0.0,0.0,6.0,LOW,"coverage 0.0% → MINIMAL (<2%) | spread_ratio 0.0 → LOW (<2, compact shape) | components 0 → NONE (no spill detected) | density 0.0 → LOW (<0.70)"
patch_327.tif,0,0.0,0.0,0,0,0,0.0,,0.0,0,0.0,0.0,0.0,0.0,0.0,6.0,LOW,"coverage 0.0% → MINIMAL (<2%) | spread_ratio 0.0 → LOW (<2, compact shape) | components 0 → NONE (no spill detected) | density 0.0 → LOW (<0.70)"
patch_328.tif,0,0.0,0.0,0,0,0,0.0,,0.0,0,0.0,0.0,0.0,0.0,0.0,6.0,LOW,"coverage 0.0% → MINIMAL (<2%) | spread_ratio 0.0 → LOW (<2, compact shape) | components 0 → NONE (no spill detected) | density 0.0 → LOW (<0.70)"
patch_329.tif,0,0.0,0.0,0,0,0,0.0,,0.0,0,0.0,0.0,0.0,0.0,0.0,6.0,LOW,"coverage 0.0% → MINIMAL (<2%) | spread_ratio 0.0 → LOW (<2, compact shape) | components 0 → NONE (no spill detected) | density 0.0 → LOW (<0.70)"
patch_33.tif,0,0.0,0.0,0,0,0,0.0,,0.0,0,0.0,0.0,0.0,0.0,0.0,6.0,LOW,"coverage 0.0% → MINIMAL (<2%) | spread_ratio 0.0 → LOW (<2, compact shape) | components 0 → NONE (no spill detected) | density 0.0 → LOW (<0.70)"
patch_330.tif,0,0.0,0.0,0,0,0,0.0,,0.0,0,0.0,0.0,0.0,0.0,0.0,6.0,LOW,"coverage 0.0% → MINIMAL (<2%) | spread_ratio 0.0 → LOW (<2, compact shape) | components 0 → NONE (no spill detected) | density 0.0 → LOW (<0.70)"
patch_331.tif,0,0.0,0.0,0,0,0,0.0,,0.0,0,0.0,0.0,0.0,0.0,0.0,6.0,LOW,"coverage 0.0% → MINIMAL (<2%) | spread_ratio 0.0 → LOW (<2, compact shape) | components 0 → NONE (no spill detected) | density 0.0 → LOW (<0.70)"
patch_332.tif,2,0.5,0.0,212,159,0.0,0.0,61.73,851030.823,2,0.0,1.0,1.0,0.0,1.0,48.0,MEDIUM,"coverage 0.0% → MINIMAL (<2%) | spread_ratio 851030.823 → CRITICAL (>=10, highly elongated) | components 2 → MEDIUM (2) | density 1.0 → CRITICAL (>=0.95)"
patch_333.tif,0,0.0,0.0,0,0,0,0.0,,0.0,0,0.0,0.0,0.0,0.0,0.0,6.0,LOW,"coverage 0.0% → MINIMAL (<2%) | spread_ratio 0.0 → LOW (<2, compact shape) | components 0 → NONE (no spill detected) | density 0.0 → LOW (<0.70)"
patch_334.tif,0,0.0,0.0,0,0,0,0.0,,0.0,0,0.0,0.0,0.0,0.0,0.0,6.0,LOW,"coverage 0.0% → MINIMAL (<2%) | spread_ratio 0.0 → LOW (<2, compact shape) | components 0 → NONE (no spill detected) | density 0.0 → LOW (<0.70)"
patch_335.tif,0,0.0,0.0,0,0,0,0.0,,0.0,0,0.0,0.0,0.0,0.0,0.0,6.0,LOW,"coverage 0.0% → MINIMAL (<2%) | spread_ratio 0.0 → LOW (<2, compact shape) | components 0 → NONE (no spill detected) | density 0.0 → LOW (<0.70)"
patch_336.tif,1,0.25,0.0,207,30,0.0,0.0,,0.0,1,0.0,1.0,1.0,0.0,1.0,22.0,LOW,"coverage 0.0% → MINIMAL (<2%) | spread_ratio 0.0 → LOW (<2, compact shape) | components 1 → LOW (1, single blob) | density 1.0 → CRITICAL (>=0.95)"
patch_337.tif,0,0.0,0.0,0,0,0,0.0,,0.0,0,0.0,0.0,0.0,0.0,0.0,6.0,LOW,"coverage 0.0% → MINIMAL (<2%) | spread_ratio 0.0 → LOW (<2, compact shape) | components 0 → NONE (no spill detected) | density 0.0 → LOW (<0.70)"
patch_338.tif,0,0.0,0.0,0,0,0,0.0,,0.0,0,0.0,0.0,0.0,0.0,0.0,6.0,LOW,"coverage 0.0% → MINIMAL (<2%) | spread_ratio 0.0 → LOW (<2, compact shape) | components 0 → NONE (no spill detected) | density 0.0 → LOW (<0.70)"
patch_339.tif,33,8.25,0.05,129,250,28.49,14.2426,179.01,23.217,15,0.04067,1.0,1.0,0.0,1.0,60.0,HIGH,"coverage 0.05% → MINIMAL (<2%) | spread_ratio 23.217 → CRITICAL (>=10, highly elongated) | components 15 → CRITICAL (>=5, fragmented spill) | density 1.0 → CRITICAL (>=0.95)"
patch_34.tif,0,0.0,0.0,0,0,0,0.0,,0.0,0,0.0,0.0,0.0,0.0,0.0,6.0,LOW,"coverage 0.0% → MINIMAL (<2%) | spread_ratio 0.0 → LOW (<2, compact shape) | components 0 → NONE (no spill detected) | density 0.0 → LOW (<0.70)"
patch_340.tif,201,50.25,0.31,129,224,247.87,123.9325,-175.37,2.542,17,0.003272,1.0,1.0,0.0,1.0,45.0,MEDIUM,"coverage 0.31% → MINIMAL (<2%) | spread_ratio 2.542 → MEDIUM (2-5) | components 17 → CRITICAL (>=5, fragmented spill) | density 1.0 → CRITICAL (>=0.95)"
